MJD;UT1-UTC
61315;-0.023137
61316;-0.023648
61317;-0.024220
61318;-0.025006
61319;-0.026011
61320;-0.027264
61321;-0.028742
61322;-0.03029
61323;-0.03180
61324;-0.03321
61325;-0.03444
61326;-0.03546
61327;-0.03625
61328;-0.03684
61329;-0.03732
61330;-0.03778
61331;-0.03834
61332;-0.03904
61333;-0.03991
61334;-0.04102
61335;-0.04236
61336;-0.04389
61337;-0.04556
61338;-0.04727
61339;-0.04888
61340;-0.05031
61341;-0.05150
61342;-0.05251
61343;-0.05343
61344;-0.05437
61345;-0.05546
61346;-0.05677
61347;-0.05830
61348;-0.05999
61349;-0.06177
61350;-0.06353
61351;-0.06518
61352;-0.06664
61353;-0.06789
61354;-0.06892
61355;-0.06976
61356;-0.07049
61357;-0.07117
61358;-0.07187
61359;-0.07267
61360;-0.07362
61361;-0.07477
61362;-0.07612
61363;-0.07765
61364;-0.07931
61365;-0.08103
61366;-0.08270
61367;-0.08420
61368;-0.08546
61369;-0.08647
61370;-0.08729
61371;-0.08807
61372;-0.08895
61373;-0.09003
61374;-0.09134
61375;-0.09284
61376;-0.09444
61377;-0.09603
61378;-0.09752
61379;-0.09884
61380;-0.09995
61381;-0.10085
61382;-0.10156
61383;-0.10213
61384;-0.10261
61385;-0.10308
61386;-0.10361
61387;-0.10426
61388;-0.10506
61389;-0.10604
61390;-0.10718
61391;-0.10847
61392;-0.10983
61393;-0.11117
61394;-0.11241
61395;-0.11346
61396;-0.11427
61397;-0.11490
61398;-0.11543
61399;-0.11604
61400;-0.11683
61401;-0.11789
61402;-0.11917
61403;-0.12060
61404;-0.12202
61405;-0.12334
61406;-0.12446
61407;-0.12535
61408;-0.12600
61409;-0.12645
61410;-0.12674
61411;-0.12694
61412;-0.12711
61413;-0.12733
61414;-0.12767
61415;-0.12816
61416;-0.12883
61417;-0.12967
61418;-0.13064
61419;-0.13169
61420;-0.13273
61421;-0.13369
61422;-0.13448
61423;-0.13506
61424;-0.13544
61425;-0.13570
61426;-0.13596
61427;-0.13639
61428;-0.13707
61429;-0.13803
61430;-0.13935
61431;-0.14075
61432;-0.14210
61433;-0.14327
61434;-0.14422
61435;-0.14491
61436;-0.14540
61437;-0.14572
61438;-0.14595
61439;-0.14614
61440;-0.14638
61441;-0.14674
61442;-0.14726
61443;-0.14799
61444;-0.14890
61445;-0.14998
61446;-0.15115
61447;-0.15235
61448;-0.15347
61449;-0.15446
61450;-0.15526
61451;-0.15586
61452;-0.15632
61453;-0.15676
61454;-0.15731
61455;-0.15809
61456;-0.15917
61457;-0.16054
61458;-0.16207
61459;-0.16363
61460;-0.16506
61461;-0.16628
61462;-0.16724
61463;-0.16796
61464;-0.16848
61465;-0.16888
61466;-0.16923
61467;-0.16960
61468;-0.17006
61469;-0.17068
61470;-0.17149
61471;-0.17250
61472;-0.17368
61473;-0.17499
61474;-0.17634
61475;-0.17764
61476;-0.17880
61477;-0.17976
61478;-0.18051
61479;-0.18111
61480;-0.18163
61481;-0.18221
61482;-0.18298
61483;-0.18401
61484;-0.18533
61485;-0.18686
61486;-0.18850
61487;-0.19010
61488;-0.19153
61489;-0.19271
61490;-0.19364
61491;-0.19435
61492;-0.19490
61493;-0.19538
61494;-0.19585
61495;-0.19639
61496;-0.19707
61497;-0.19794
61498;-0.19902
61499;-0.20031
61500;-0.20177
61501;-0.20334
61502;-0.20493
61503;-0.20645
61504;-0.20783
61505;-0.20906
61506;-0.21016
61507;-0.21122
61508;-0.21237
61509;-0.21370
61510;-0.21529
61511;-0.21712
61512;-0.21911
61513;-0.22114
61514;-0.22304
61515;-0.22469
61516;-0.22598
61517;-0.22690
61518;-0.22747
61519;-0.22778
61520;-0.22790
61521;-0.22795
61522;-0.22799
61523;-0.22810
61524;-0.22834
61525;-0.22872
61526;-0.22926
61527;-0.22992
61528;-0.23065
61529;-0.23137
61530;-0.23200
61531;-0.23246
61532;-0.23268
61533;-0.23267
61534;-0.23249
61535;-0.23225
61536;-0.23209
61537;-0.23211
61538;-0.23238
61539;-0.23287
61540;-0.23350
61541;-0.23417
61542;-0.23477
61543;-0.23522
61544;-0.23549
61545;-0.23553
61546;-0.23532
61547;-0.23490
61548;-0.23447
61549;-0.23402
61550;-0.23356
61551;-0.23305
61552;-0.23271
61553;-0.23256
61554;-0.23252
61555;-0.23259
61556;-0.23260
61557;-0.23253
61558;-0.23231
61559;-0.23185
61560;-0.23119
61561;-0.23032
61562;-0.22943
61563;-0.22870
61564;-0.22819
61565;-0.22786
61566;-0.22767
61567;-0.22763
61568;-0.22757
61569;-0.22745
61570;-0.22711
61571;-0.22646
61572;-0.22558
61573;-0.22449
61574;-0.22329
61575;-0.22201
61576;-0.22078
61577;-0.21958
61578;-0.21855
61579;-0.21767
61580;-0.21699
61581;-0.21648
61582;-0.21610
61583;-0.21582
61584;-0.21555
61585;-0.21520
61586;-0.21476
61587;-0.21407
61588;-0.21326
61589;-0.21229
61590;-0.21142
61591;-0.21066
61592;-0.21015
61593;-0.20989
61594;-0.20984
61595;-0.20994
61596;-0.20988
61597;-0.20959
61598;-0.20900
61599;-0.20815
61600;-0.20703
61601;-0.20571
61602;-0.20432
61603;-0.20294
61604;-0.20162
61605;-0.20047
61606;-0.19943
61607;-0.19858
61608;-0.19794
61609;-0.19744
61610;-0.19706
61611;-0.19671
61612;-0.19636
61613;-0.19587
61614;-0.19523
61615;-0.19436
61616;-0.19338
61617;-0.19242
61618;-0.19156
61619;-0.19089
61620;-0.19047
61621;-0.19032
61622;-0.19038
61623;-0.19045
61624;-0.19036
61625;-0.19005
61626;-0.18939
61627;-0.18850
61628;-0.18736
61629;-0.18613
61630;-0.18490
61631;-0.18367
61632;-0.18263
61633;-0.18175
61634;-0.18101
61635;-0.18047
61636;-0.18006
61637;-0.17971
61638;-0.17944
61639;-0.17920
61640;-0.17893
61641;-0.17850
61642;-0.17787
61643;-0.17711
61644;-0.17636
61645;-0.17574
61646;-0.17539
61647;-0.17532
61648;-0.17563
61649;-0.17620
61650;-0.17690
61651;-0.17757
61652;-0.17804
61653;-0.17821
61654;-0.17804
61655;-0.17762
61656;-0.17702
61657;-0.17639
61658;-0.17578
61659;-0.17523
61660;-0.17482
61661;-0.17451
61662;-0.17443
61663;-0.17454
61664;-0.17483
61665;-0.17520
61666;-0.17547
61667;-0.17563
61668;-0.17573
61669;-0.17562
61670;-0.17534
61671;-0.17497
61672;-0.17466
61673;-0.17446
61674;-0.17452
61675;-0.17491
61676;-0.17557
61677;-0.17637
61678;-0.17727
61679;-0.17809
61680;-0.17865
61681;-0.17894
61682;-0.17892
61683;-0.17866
61684;-0.17834
61685;-0.17806
61686;-0.17778
